use QuanLyBanHang;

INSERT INTO person.Administrator(idAdmin,nameAdmin,username,password,phone,birthday,sex,address)
VALUES('AD001',N'Đức Mạnh','manhnd111','DE0587B801EB22FDE31B8FB1AB3990E9','0969292674','2001-09-06','0',N'THANH HÓA')
INSERT INTO person.Administrator(idAdmin,nameAdmin,username,password,phone,birthday,sex,address)
VALUES('AD002',N'Thế Vương','vuongnt222','40B838D68F36D4652F393276BBFACE55','0911111181','2001-05-16','0',N'BÌNH DƯƠNG')
INSERT INTO person.Administrator(idAdmin,nameAdmin,username,password,phone,birthday,sex,address)
VALUES('AD003',N'Quách Lực','lucqv333','F043A3A5DEC25F487B72581A9D858907','0971111112','2001-01-01','1',N'ĐỒNG NAI')
INSERT INTO person.Administrator(idAdmin,nameAdmin,username,password,phone,birthday,sex,address)
VALUES('AD004',N'Thân Phát','phattm444','C7E1286DB835EBC630257F0701E550CF','0966667667','2001-08-22','0',N'TPHCM')
INSERT INTO person.Administrator(idAdmin,nameAdmin,username,password,phone,birthday,sex,address)
VALUES('AD005',N'Quý Tộc','toccq555','1A48C549C55CD586FAC7BC410E1CA668','0919445555','1995-05-10','0',N'VĨNH PHÚC')


INSERT INTO person.Users(idUser,username,password,permission)
VALUES ('US001','ustnam1999','32417B62EB177C226C59B58755026E91','1')
INSERT INTO person.Users(idUser,username,password,permission)
VALUES('US002','usvnam2000','2E3DECE2031472F8BABB3BBCC56244BF','0')
INSERT INTO person.Users(idUser,username,password,permission)
VALUES('US003','usphang1465','88F47858E75327F5E4FD05B02E95D65C','1')
INSERT INTO person.Users(idUser,username,password,permission)
VALUES('US004','usdninh08','93A8E56A85B2B972008F350C854B74E4','1')
INSERT INTO person.Users(idUser,username,password,permission)
VALUES('US005','ustdung434','96EDBC86E95A3B0D1E66B59AA42DED17','0')
INSERT INTO person.Users(idUser,username,password,permission)
VALUES('US006','ushyhyhy123','87F9770F35CB2883648F30A92ACB5A80','1')
INSERT INTO person.Users(idUser,username,password,permission)
VALUES('US007','nguyenquan14','04B54DB416691B2C44033D00C919B355','1')
INSERT INTO person.Users(idUser,username,password,permission)
VALUES('US008','phucbui123','6AAFECE0C801A02AF15001F73404FE5C','')
INSERT INTO person.Users(idUser,username,password,permission)
VALUES('US009','luongba103','AFE8B1115B3EB621C398FB3B947C5910','1')
INSERT INTO person.Users(idUser,username,password,permission)
VALUES('US010','thanhhang28','49DB2EC377D5631A6E893FA1727F262A','0')
INSERT INTO person.Users(idUser,username,password,permission)
VALUES('US011','buihuyen03','0CB3B9951FB80433DEC73314581298AD','0')
INSERT INTO person.Users(idUser,username,password,permission)
VALUES('US012','thanhlam02','47EC7555796A940DE0A8AEABE932CF3E','1')
INSERT INTO person.Users(idUser,username,password,permission)
VALUES('US013','nhatminh02','3C6943A54654FEE8F755CC88FFC7097F','1')
INSERT INTO person.Users(idUser,username,password,permission)
VALUES('US014','thanhnga10','BBA9AEFCEAC9950166F6CD3BC166327A','0')
INSERT INTO person.Users(idUser,username,password,permission)
VALUES('US015','caophong05','C9776A91D7C4CA1D45D2448488395F45','1')
INSERT INTO person.Users(idUser,username,password,permission)
VALUES('US016','tranvu02','B89E54E4929BF28893F519144A98CF89','1')
INSERT INTO person.Users(idUser,username,password,permission)
VALUES('US017','thuyvy09','3624466C0627A3203CF17E1AF12B6E17','0')


INSERT INTO person.Customer(idCustomer,nameCustomer,phone,birthday,sex,address,dayRegister) 
VALUES('US001',N'Nguyễn Tấn Nam','0934567810','1999-04-02','0',N'quận 12-TPHCM','')
INSERT INTO person.Customer(idCustomer,nameCustomer,phone,birthday,sex,address,dayRegister) 
VALUES('US002',N'Lê Văn Nam','0909696969','2004-02-23','0',N'quận Tân Bình-TPHCM','')
INSERT INTO person.Customer(idCustomer,nameCustomer,phone,birthday,sex,address,dayRegister) 
VALUES('US003',N'Phạm Thị Hằng','0389444488','2000-10-12','1',N'quận 1-TPHCM','')
INSERT INTO person.Customer(idCustomer,nameCustomer,phone,birthday,sex,address,dayRegister) 
VALUES('US004',N'Nguyễn Hữu Ninh','0345678910','1990-01-09','0',N'quận 2-TPHCM','')
INSERT INTO person.Customer(idCustomer,nameCustomer,phone,birthday,sex,address,dayRegister) 
VALUES('US005',N'Nguyễn Tuấn Dũng','0903694312','2005-04-23','0',N'quận 10-TPHCM','')
INSERT INTO person.Customer(idCustomer,nameCustomer,phone,birthday,sex,address,dayRegister) 
VALUES('US006',N'Lê Minh Hy','0399994444','2001-04-16','0',N'quận gò vấp-TPHCM','')
INSERT INTO person.Customer(idCustomer,nameCustomer,phone,birthday,sex,address,dayRegister)
VALUES('US007',N'Nguyễn Lê Anh Quân','0982527982','2001-08-14','0',N'Thanh Hóa','2021-08-12')
INSERT INTO person.Customer(idCustomer,nameCustomer,phone,birthday,sex,address,dayRegister)
VALUES('US008',N'Bùi Huy Phúc','0973776072','2000-11-16','0',N'Hà Nội','2021-09-25')
INSERT INTO person.Customer(idCustomer,nameCustomer,phone,birthday,sex,address,dayRegister)
VALUES('US009',N'Lường Hữu Ba','0917749254','2003-03-10','0',N'Vĩnh Long','2021-08-20')
INSERT INTO person.Customer(idCustomer,nameCustomer,phone,birthday,sex,address,dayRegister)
VALUES('US010',N'Lê Thanh Hằng','0904770053','1999-09-28','1',N'Quảng Ninh','2021-07-15')
INSERT INTO person.Customer(idCustomer,nameCustomer,phone,birthday,sex,address,dayRegister)
VALUES('US011',N'Bùi Ngọc Huyền','0974880788','1994-06-19','1',N'Nam Định','2021-08-02')
INSERT INTO person.Customer(idCustomer,nameCustomer,phone,birthday,sex,address,dayRegister)
VALUES('US012',N'Lê Thanh Lâm','0984603663','2005-02-07','2',N'hà Nam','2021-10-16')
INSERT INTO person.Customer(idCustomer,nameCustomer,phone,birthday,sex,address,dayRegister)
VALUES('US013',N'Phan Nhật Minh','0986375176','1990-02-03','0',N'TPHCM','2021-10-25')
INSERT INTO person.Customer(idCustomer,nameCustomer,phone,birthday,sex,address,dayRegister)
VALUES('US014',N'Nguyễn Thanh Nga','0914770545','2001-10-18','2',N'Đồng Nai','2021-11-01')
INSERT INTO person.Customer(idCustomer,nameCustomer,phone,birthday,sex,address,dayRegister)
VALUES('US015',N'Cao Như Phong','0986253482','2002-05-15','0',N'Bình Dương','2021-06-11')
INSERT INTO person.Customer(idCustomer,nameCustomer,phone,birthday,sex,address,dayRegister)
VALUES('US016',N'Trần Văn Vũ','0944545232','1997-06-10','0',N'Bình Định','2021-09-5')
INSERT INTO person.Customer(idCustomer,nameCustomer,phone,birthday,sex,address,dayRegister)
VALUES('US017',N'Nguyễn Thúy Vy','0912644784','2000-09-16','1',N'TPHCM','2021-07-09 ')


insert into production.TypeProduct([idType],[nameType],[description]) values('TS',N'TƯƠI SỐNG',N'THỰC PHẨM TƯƠI SỐNG')
insert into production.TypeProduct([idType],[nameType],[description]) values('RC',N'RAU CỦ',N'RAU, CỦ, QUẢ , TRÁI CÂY')
insert into production.TypeProduct([idType],[nameType],[description]) values('AL',N'ĂN LIỀN',N'ĐỒ ĂN LIỀN : MÌ ,PHỞ , CHÁO')
insert into production.TypeProduct([idType],[nameType],[description]) values('NU',N'NƯỚC UỐNG',N'NƯỚC NGỌT, BIA, RƯỢU,...')
insert into production.TypeProduct([idType],[nameType],[description]) values('GV',N'GIA VỊ',N'BỘT NGỌT, MUỐI, HẠT NÊM, ĐƯỜNG')


insert into production.Product([idProduct],[nameProduct],[type],[unit],[cost],[price],[quantityOnHand],[description]) values('TS001',N'CÁ TRẮM','TS',N'KG','45000','60000','8',N'CÁ TRẮM HỒ TRỊ AN')
insert into production.Product([idProduct],[nameProduct],[type],[unit],[cost],[price],[quantityOnHand],[description]) values('TS002',N'CÁ LÓC','TS',N'KG','30000','42000','11',N'CÁ LÓC ĐỒNG')
insert into production.Product([idProduct],[nameProduct],[type],[unit],[cost],[price],[quantityOnHand],[description]) values('TS003',N'THỊT HEO','TS',N'KG','80000','130000','50',N'THỊT BA CHỈ')
insert into production.Product([idProduct],[nameProduct],[type],[unit],[cost],[price],[quantityOnHand],[description]) values('TS004',N'THỊT HEO','TS',N'KG','71000','84000','21',N'THỊT ĐÙI')
insert into production.Product([idProduct],[nameProduct],[type],[unit],[cost],[price],[quantityOnHand],[description]) values('TS005',N'THỊT BÒ','TS',N'KG','110000','170000','25',N'THỊT BÒ VN')
insert into production.Product([idProduct],[nameProduct],[type],[unit],[cost],[price],[quantityOnHand],[description]) values('TS006',N'THỊT BÒ','TS',N'KG','142000','194000','31',N'THỊT BÒ ÚC')
insert into production.Product([idProduct],[nameProduct],[type],[unit],[cost],[price],[quantityOnHand],[description]) values('RC001',N'RAU SỐNG','RC',N'KG','7000','20000','8',N'RAU XÀ LÁCH VINECO')
insert into production.Product([idProduct],[nameProduct],[type],[unit],[cost],[price],[quantityOnHand],[description]) values('RC002',N'RAU SỐNG','RC',N'KG','4300','16000','13',N'RAU XÀ LÁCH XOONG')
insert into production.Product([idProduct],[nameProduct],[type],[unit],[cost],[price],[quantityOnHand],[description]) values('RC003',N'RAU MUỐNG','RC',N'BÓ','9000','15300','20',N'1 BÓ 500G')
insert into production.Product([idProduct],[nameProduct],[type],[unit],[cost],[price],[quantityOnHand],[description]) values('RC004',N'BĂP CẢI THẢO','RC',N'CÂY','9200','13500','17',N'1 CÂY 300G - 500G')
insert into production.Product([idProduct],[nameProduct],[type],[unit],[cost],[price],[quantityOnHand],[description]) values('RC005',N'BĂP CẢI TRẮNG','RC',N'GAM','7300','12600','25',N'1 BẮP 450G - 500G')
insert into production.Product([idProduct],[nameProduct],[type],[unit],[cost],[price],[quantityOnHand],[description]) values('AL001',N'MÌ OMACHI ','AL',N'THÙNG','122000','147000','30','1 THÙNG 24 GÓI')
insert into production.Product([idProduct],[nameProduct],[type],[unit],[cost],[price],[quantityOnHand],[description]) values('AL002',N'MÌ HẢO HẢO ','AL',N'THÙNG','74000','92000','32','1 THÙNG 24 GÓI')
insert into production.Product([idProduct],[nameProduct],[type],[unit],[cost],[price],[quantityOnHand],[description]) values('AL003',N'PHỞ VIFON','AL',N'THÙNG','169000','190500','21',N'THÙNG 24 GÓI')
insert into production.Product([idProduct],[nameProduct],[type],[unit],[cost],[price],[quantityOnHand],[description]) values('AL004',N'PHỞ ACECOOK','AL',N'THÙNG','152000','183000','29',N'THÙNG 24 GÓI')
insert into production.Product([idProduct],[nameProduct],[type],[unit],[cost],[price],[quantityOnHand],[description]) values('AL005',N'CHÁO YẾN VIỆT THỊT','AL',N'THÙNG','161000','193000','25',N'THÙNG 24 GÓI')
insert into production.Product([idProduct],[nameProduct],[type],[unit],[cost],[price],[quantityOnHand],[description]) values('AL006',N'CHÁO GẤU ĐỎ','AL',N'THÙNG','126000','153000','20',N'THÙNG 24 GÓI')
insert into production.Product([idProduct],[nameProduct],[type],[unit],[cost],[price],[quantityOnHand],[description]) values('GV001',N'BỘT NGỌT Ajinomoto','GV',N'GÓI','145000','174000','33',N'GÓI 2 KG')
insert into production.Product([idProduct],[nameProduct],[type],[unit],[cost],[price],[quantityOnHand],[description]) values('GV002',N'HẠT NÊM ','GV',N'GÓI','23000','44000','57',N'GÓI 0,5kg')
insert into production.Product([idProduct],[nameProduct],[type],[unit],[cost],[price],[quantityOnHand],[description]) values('GV003',N'MUỐI ','GV',N'GÓI','3000','10000','40',N'GÓI 2 kg')
insert into production.Product([idProduct],[nameProduct],[type],[unit],[cost],[price],[quantityOnHand],[description]) values('GV004',N'BỘT CANH ','GV',N'GÓI','3000','6400','60',N'GÓI 500G')
insert into production.Product([idProduct],[nameProduct],[type],[unit],[cost],[price],[quantityOnHand],[description]) values('NU001',N'COCA COLA ','NU',N'GÓI','144000','162000','12',N'THÙNG 24 LON')
insert into production.Product([idProduct],[nameProduct],[type],[unit],[cost],[price],[quantityOnHand],[description]) values('NU002',N'SEVEN UP ','NU',N'THÙNG','137000','156000','15',N'THÙNG 24 LON')
insert into production.Product([idProduct],[nameProduct],[type],[unit],[cost],[price],[quantityOnHand],[description]) values('NU003',N'BIA HÀ NỘI ','NU',N'THÙNG','175000','239000','21',N'THÙNG 24 LON')
insert into production.Product([idProduct],[nameProduct],[type],[unit],[cost],[price],[quantityOnHand],[description]) values('NU004',N'BIA HENEIKEN ','NU',N'THÙNG','195000','245000','18',N'THÙNG 24 LON')
insert into production.Product([idProduct],[nameProduct],[type],[unit],[cost],[price],[quantityOnHand],[description]) values('NU005',N'BIA SÀI GÒN XANH ','NU',N'THÙNG','187000','224000','18',N'THÙNG 24 LON')



insert into production.Import([idImport],[idAdmin],[totalCost],[dayImported],[note]) values ('IP001','AD001','3300000','12/10/2020','ĐÃ CHECK')
insert into production.Import([idImport],[idAdmin],[totalCost],[dayImported],[note]) values ('IP003','AD002','3663000','10/9/2020','đúng ca')
insert into production.Import([idImport],[idAdmin],[totalCost],[dayImported],[note]) values ('IP002','AD001','4290000','11/9/2020','đúng ca')
insert into production.Import([idImport],[idAdmin],[totalCost],[dayImported],[note]) values ('IP005','AD005','3225000','1/10/2021','đúng ca')

insert into production.ImportDetails([idImportDetails],[idImport],[idProduct],[quantity],[cost],[price],[note]) values('ID001','IP001','TS001','10','45000','60000',N'NHẬP THÊM')
insert into production.ImportDetails([idImportDetails],[idImport],[idProduct],[quantity],[cost],[price],[note]) values('ID002','IP001','TS003','15','80000','130000',N'NHẬP THÊM')
insert into production.ImportDetails([idImportDetails],[idImport],[idProduct],[quantity],[cost],[price],[note]) values('ID003','IP001','TS005','15','110000','170000',N'NHẬP THÊM')

insert into production.ImportDetails([idImportDetails],[idImport],[idProduct],[quantity],[cost],[price],[note]) values('ID004','IP002','AL001','20','122000','147000',N'NHẬP KHO')
insert into production.ImportDetails([idImportDetails],[idImport],[idProduct],[quantity],[cost],[price],[note]) values('ID005','IP002','AL005','15','161000','193000',N'NHẬP KHO')

insert into production.ImportDetails([idImportDetails],[idImport],[idProduct],[quantity],[cost],[price],[note]) values('ID006','IP005','NU004','15','195000','245000',N'NHẬP THÊM')
insert into production.ImportDetails([idImportDetails],[idImport],[idProduct],[quantity],[cost],[price],[note]) values('ID007','IP005','GV003','100','3000','10000',N'NHẬP KHO')

insert into production.ImportDetails([idImportDetails],[idImport],[idProduct],[quantity],[cost],[price],[note]) values('ID008','IP003','NU002','20','137000','156000',N'NHẬP KHO')
insert into production.ImportDetails([idImportDetails],[idImport],[idProduct],[quantity],[cost],[price],[note]) values('ID009','IP003','TS004','13','71000','84000',N'NHẬP MỚI')


INSERT INTO sales.Bill(idBill,idCustomer,totalPrice,dayBilled,stt,note) 
values('IB001','US002','656000','2021-10-06','1','')
INSERT INTO sales.Bill(idBill,idCustomer,totalPrice,dayBilled,stt,note) 
values('IB002','US001','407000','2021-10-10','1','')
INSERT INTO sales.Bill(idBill,idCustomer,totalPrice,dayBilled,stt,note) 
values('IB003','US005','188000','2021-10-10','1','')
INSERT INTO sales.Bill(idBill,idCustomer,totalPrice,dayBilled,stt,note) 
values('IB004','US002','503000','2021-10-12','1','')
INSERT INTO sales.Bill(idBill,idCustomer,totalPrice,dayBilled,stt,note) 
values('IB005','US004','94000','2021-10-16','1','')
INSERT INTO sales.Bill(idBill,idCustomer,totalPrice,dayBilled,stt,note) 
values('IB006','US001','295000','2021-10-20','1','')
INSERT INTO sales.Bill(idBill,idCustomer,totalPrice,dayBilled,stt,note) 
values('IB007','US006','228600','2021-10-15','1','')
INSERT INTO sales.Bill(idBill,idCustomer,totalPrice,dayBilled,stt,note) 
values('IB008','US012','492000','2021-11-01','1','')
INSERT INTO sales.Bill(idBill,idCustomer,totalPrice,dayBilled,stt,note) 
values('IB009','US009','697900','2021-09-30','1','')
INSERT INTO sales.Bill(idBill,idCustomer,totalPrice,dayBilled,stt,note) 
values('IB010','US007','406500','2021-10-10','1','')
INSERT INTO sales.Bill(idBill,idCustomer,totalPrice,dayBilled,stt,note) 
values('IB011','US015','224000','2021-08-17','1','')
INSERT INTO sales.Bill(idBill,idCustomer,totalPrice,dayBilled,stt,note) 
values('IB012','US017','1253000','2021-09-20','1','')

INSERT INTO sales.BillDetails(idBillDetails,idBill,idProduct,quantity,current_price,price,note) 
values('BD001','IB001','NU003','2','239000','478000','')
INSERT INTO sales.BillDetails(idBillDetails,idBill,idProduct,quantity,current_price,price,note) 
values('BD002','IB001','RC002','3','16000','48000','')
INSERT INTO sales.BillDetails(idBillDetails,idBill,idProduct,quantity,current_price,price,note) 
values('BD003','IB001','TS003','1','130000','130000','')

INSERT INTO sales.BillDetails(idBillDetails,idBill,idProduct,quantity,current_price,price,note) 
values('BD004','IB002','NU001','1','162000','162000','')
INSERT INTO sales.BillDetails(idBillDetails,idBill,idProduct,quantity,current_price,price,note) 
values('BD005','IB002','NU004','1','245000','245000','')

INSERT INTO sales.BillDetails(idBillDetails,idBill,idProduct,quantity,current_price,price,note) 
values('BD006','IB003','TS001','1','60000','60000','')
INSERT INTO sales.BillDetails(idBillDetails,idBill,idProduct,quantity,current_price,price,note) 
values('BD007','IB003','RC001','2','20000','40000','')
INSERT INTO sales.BillDetails(idBillDetails,idBill,idProduct,quantity,current_price,price,note) 
values('BD008','IB003','GV002','2','44000','88000','')

INSERT INTO sales.BillDetails(idBillDetails,idBill,idProduct,quantity,current_price,price,note) 
values('BD009','IB004','TS004','1','84000','84000','')
INSERT INTO sales.BillDetails(idBillDetails,idBill,idProduct,quantity,current_price,price,note) 
values('BD010','IB004','GV003','2','10000','20000','')
INSERT INTO sales.BillDetails(idBillDetails,idBill,idProduct,quantity,current_price,price,note) 
values('BD011','IB004','AL001','1','147000','147000','')
INSERT INTO sales.BillDetails(idBillDetails,idBill,idProduct,quantity,current_price,price,note) 
values('BD012','IB004','RC001','2','20000','40000','')
INSERT INTO sales.BillDetails(idBillDetails,idBill,idProduct,quantity,current_price,price,note) 
values('BD013','IB004','NU003','1','239000','239000','')

INSERT INTO sales.BillDetails(idBillDetails,idBill,idProduct,quantity,current_price,price,note) 
values('BD014','IB005','TS002','1','42000','42000','')
INSERT INTO sales.BillDetails(idBillDetails,idBill,idProduct,quantity,current_price,price,note) 
values('BD015','IB005','RC002','2','16000','32000','')
INSERT INTO sales.BillDetails(idBillDetails,idBill,idProduct,quantity,current_price,price,note) 
values('BD016','IB005','GV003','2','10000','20000','')

INSERT INTO sales.BillDetails(idBillDetails,idBill,idProduct,quantity,current_price,price,note)
 values('BD017','IB006','AL001','1','147000','147000','')
INSERT INTO sales.BillDetails(idBillDetails,idBill,idProduct,quantity,current_price,price,note) 
values('BD018','IB006','GV002','1','44000','44000','')
INSERT INTO sales.BillDetails(idBillDetails,idBill,idProduct,quantity,current_price,price,note) 
values('BD019','IB006','RC001','1','20000','20000','')
INSERT INTO sales.BillDetails(idBillDetails,idBill,idProduct,quantity,current_price,price,note) 
values('BD020','IB006','TS004','1','84000','84000','')

INSERT INTO sales.BillDetails(idBillDetails,idBill,idProduct,quantity,current_price,price,note) 
values('BD021','IB007','RC005','2','12600','25200','')
INSERT INTO sales.BillDetails(idBillDetails,idBill,idProduct,quantity,current_price,price,note) 
values('BD022','IB007','TS006','1','194000','19400','')
INSERT INTO sales.BillDetails(idBillDetails,idBill,idProduct,quantity,current_price,price,note) 
values('BD023','IB007','AL002','2','92000','184000','')

INSERT INTO sales.BillDetails(idBillDetails,idBill,idProduct,quantity,current_price,price,note) 
values('BD024','IB008','AL006','1','153000','153000','')
INSERT INTO sales.BillDetails(idBillDetails,idBill,idProduct,quantity,current_price,price,note) 
values('BD025','IB008','GV001','3','113000','339000','')

INSERT INTO sales.BillDetails(idBillDetails,idBill,idProduct,quantity,current_price,price,note) 
values('BD026','IB009','TS005','2','170000','340000','')
INSERT INTO sales.BillDetails(idBillDetails,idBill,idProduct,quantity,current_price,price,note) 
values('BD027','IB009','NU002','2','156000','312000','')
INSERT INTO sales.BillDetails(idBillDetails,idBill,idProduct,quantity,current_price,price,note) 
values('BD028','IB009','RC003','3','15300','45900','')

INSERT INTO sales.BillDetails(idBillDetails,idBill,idProduct,quantity,current_price,price,note) 
values('BD029','IB010','TS002','2','42000','84000','')
INSERT INTO sales.BillDetails(idBillDetails,idBill,idProduct,quantity,current_price,price,note) 
values('BD030','IB010','GV002','3','44000','132000','')
INSERT INTO sales.BillDetails(idBillDetails,idBill,idProduct,quantity,current_price,price,note) 
values('BD031','IB010','AL003','1','190500','190500','')

INSERT INTO sales.BillDetails(idBillDetails,idBill,idProduct,quantity,current_price,price,note) 
values('BD032','IB011','NU005','1','224000','224000','')

INSERT INTO sales.BillDetails(idBillDetails,idBill,idProduct,quantity,current_price,price,note) 
values('BD033','IB012','NU001','2','162000','324000','')
INSERT INTO sales.BillDetails(idBillDetails,idBill,idProduct,quantity,current_price,price,note) 
values('BD034','IB012','RC002','4','16000','64000','')
INSERT INTO sales.BillDetails(idBillDetails,idBill,idProduct,quantity,current_price,price,note) 
values('BD035','IB012','AL005','1','193000','193000','')
INSERT INTO sales.BillDetails(idBillDetails,idBill,idProduct,quantity,current_price,price,note) 
values('BD036','IB012','NU005','3','224000','672000','')

INSERT INTO sales.Cart(idCustomer,idProduct,quantity)
VALUES ('US010','GV004','2')
INSERT INTO sales.Cart(idCustomer,idProduct,quantity)
VALUES ('US010','NU001','1')
INSERT INTO sales.Cart(idCustomer,idProduct,quantity)
VALUES ('US010','AL003','1')
INSERT INTO sales.Cart(idCustomer,idProduct,quantity)
VALUES ('US007','TS006','1')
INSERT INTO sales.Cart(idCustomer,idProduct,quantity)
VALUES ('US007','RC003','2')
INSERT INTO sales.Cart(idCustomer,idProduct,quantity)
VALUES ('US009','TS003','2')
INSERT INTO sales.Cart(idCustomer,idProduct,quantity)
VALUES ('US003','AL005','1')
INSERT INTO sales.Cart(idCustomer,idProduct,quantity)
VALUES ('US003','RC005','3')
INSERT INTO sales.Cart(idCustomer,idProduct,quantity)
VALUES ('US015','NU005','1')
INSERT INTO sales.Cart(idCustomer,idProduct,quantity)
VALUES ('US015','GV004','2')
INSERT INTO sales.Cart(idCustomer,idProduct,quantity)
VALUES ('US001','AL006','1')
INSERT INTO sales.Cart(idCustomer,idProduct,quantity)
VALUES ('US001','RC003','3')
INSERT INTO sales.Cart(idCustomer,idProduct,quantity)
VALUES ('US006','GV002','1')